dep;clage_vacsi;jour;n_tot_dose1;n_tot_complet;pop;couv_tot_dose1;couv_tot_complet
00;59;2021-05-14;0;1;;;
00;69;2021-05-14;0;1;;;
00;79;2021-05-14;1;0;;;
00;80;2021-05-14;1;0;;;
01;24;2021-05-14;2579;808;45088.0;5.7;1.8
01;29;2021-05-14;2517;896;34820.0;7.2;2.6
01;39;2021-05-14;8376;2907;85588.0;9.8;3.4
01;49;2021-05-14;14498;4900;89678.0;16.2;5.5
01;59;2021-05-14;29980;9926;89791.0;33.4;11.1
01;64;2021-05-14;21417;6467;38384.0;55.8;16.8
01;69;2021-05-14;21859;7780;35116.0;62.2;22.2
01;74;2021-05-14;22944;13554;30953.0;74.1;43.8
01;79;2021-05-14;15626;12587;20058.0;77.9;62.8
01;80;2021-05-14;24490;19763;34225.0;71.6;57.7
02;24;2021-05-14;2242;709;37469.0;6.0;1.9
02;29;2021-05-14;2161;812;26232.0;8.2;3.1
02;39;2021-05-14;7287;2694;62599.0;11.6;4.3
02;49;2021-05-14;11643;4088;64812.0;18.0;6.3
02;59;2021-05-14;25804;8082;70352.0;36.7;11.5
02;64;2021-05-14;18711;5070;34901.0;53.6;14.5
02;69;2021-05-14;20697;6555;34176.0;60.6;19.2
02;74;2021-05-14;22129;12153;28969.0;76.4;42.0
02;79;2021-05-14;13146;10285;16402.0;80.1;62.7
02;80;2021-05-14;22250;17724;32544.0;68.4;54.5
03;24;2021-05-14;2640;591;20427.0;12.9;2.9
03;29;2021-05-14;2108;645;14422.0;14.6;4.5
03;39;2021-05-14;6719;1990;33349.0;20.1;6.0
03;49;2021-05-14;11746;3352;39464.0;29.8;8.5
03;59;2021-05-14;21653;6199;45840.0;47.2;13.5
03;64;2021-05-14;15122;3671;23776.0;63.6;15.4
03;69;2021-05-14;17297;5300;25182.0;68.7;21.0
03;74;2021-05-14;18777;10140;23121.0;81.2;43.9
03;79;2021-05-14;13046;10927;15099.0;86.4;72.4
03;80;2021-05-14;23174;19667;30684.0;75.5;64.1
04;24;2021-05-14;265;94;9366.0;2.8;1.0
04;29;2021-05-14;344;148;7090.0;4.9;2.1
04;39;2021-05-14;1128;486;17545.0;6.4;2.8
04;49;2021-05-14;2456;1055;19525.0;12.6;5.4
04;59;2021-05-14;7275;2792;23898.0;30.4;11.7
04;64;2021-05-14;6318;1969;12510.0;50.5;15.7
04;69;2021-05-14;7297;2799;11975.0;60.9;23.4
04;74;2021-05-14;8554;5447;11196.0;76.4;48.7
04;79;2021-05-14;6493;5340;7612.0;85.3;70.2
04;80;2021-05-14;9507;7752;13386.0;71.0;57.9
05;24;2021-05-14;389;117;8030.0;4.8;1.5
05;29;2021-05-14;495;212;6298.0;7.9;3.4
05;39;2021-05-14;1691;717;16000.0;10.6;4.5
05;49;2021-05-14;2978;1153;17800.0;16.7;6.5
05;59;2021-05-14;7060;2616;20029.0;35.2;13.1
05;64;2021-05-14;5773;1743;10157.0;56.8;17.2
05;69;2021-05-14;6676;2273;10059.0;66.4;22.6
05;74;2021-05-14;7450;4760;8831.0;84.4;53.9
05;79;2021-05-14;5260;4423;5786.0;90.9;76.4
05;80;2021-05-14;8154;6821;11099.0;73.5;61.5
06;24;2021-05-14;5604;1539;75754.0;7.4;2.0
06;29;2021-05-14;6265;2132;53360.0;11.7;4.0
06;39;2021-05-14;19291;6478;126997.0;15.2;5.1
06;49;2021-05-14;34743;10788;136067.0;25.5;7.9
06;59;2021-05-14;70584;22797;146182.0;48.3;15.6
06;64;2021-05-14;41887;15238;67948.0;61.6;22.4
06;69;2021-05-14;44439;22354;65935.0;67.4;33.9
06;74;2021-05-14;50696;31712;64545.0;78.5;49.1
06;79;2021-05-14;41002;34432;49474.0;82.9;69.6
06;80;2021-05-14;65591;54624;89569.0;73.2;61.0
07;24;2021-05-14;1186;384;18892.0;6.3;2.0
07;29;2021-05-14;1102;473;13765.0;8.0;3.4
07;39;2021-05-14;3935;1583;34837.0;11.3;4.5
07;49;2021-05-14;7772;2788;41497.0;18.7;6.7
07;59;2021-05-14;17819;6027;46663.0;38.2;12.9
07;64;2021-05-14;13439;3929;23577.0;57.0;16.7
07;69;2021-05-14;15571;5148;23453.0;66.4;22.0
07;74;2021-05-14;16789;8845;21460.0;78.2;41.2
07;79;2021-05-14;11291;8765;13721.0;82.3;63.9
07;80;2021-05-14;17996;14345;24817.0;72.5;57.8
08;24;2021-05-14;1537;479;18037.0;8.5;2.7
08;29;2021-05-14;1509;552;13085.0;11.5;4.2
08;39;2021-05-14;5021;1770;30561.0;16.4;5.8
08;49;2021-05-14;8153;2586;32888.0;24.8;7.9
08;59;2021-05-14;16950;5308;37571.0;45.1;14.1
08;64;2021-05-14;12115;3239;18636.0;65.0;17.4
08;69;2021-05-14;12712;3943;17922.0;70.9;22.0
08;74;2021-05-14;12778;6822;15463.0;82.6;44.1
08;79;2021-05-14;7330;5971;8669.0;84.6;68.9
08;80;2021-05-14;12980;10704;18175.0;71.4;58.9
09;24;2021-05-14;725;239;9110.0;8.0;2.6
09;29;2021-05-14;700;283;6679.0;10.5;4.2
09;39;2021-05-14;2274;938;15798.0;14.4;5.9
09;49;2021-05-14;4414;1767;18797.0;23.5;9.4
09;59;2021-05-14;8603;3575;21635.0;39.8;16.5
09;64;2021-05-14;6371;2297;11336.0;56.2;20.3
09;69;2021-05-14;7626;3230;11303.0;67.5;28.6
09;74;2021-05-14;8627;5693;10028.0;86.0;56.8
09;79;2021-05-14;5933;4879;6375.0;93.1;76.5
09;80;2021-05-14;9753;8102;13426.0;72.6;60.3
10;24;2021-05-14;1899;594;24096.0;7.9;2.5
10;29;2021-05-14;1735;624;16549.0;10.5;3.8
10;39;2021-05-14;5647;1870;36584.0;15.4;5.1
10;49;2021-05-14;9460;3035;38394.0;24.6;7.9
10;59;2021-05-14;18761;5879;39551.0;47.4;14.9
10;64;2021-05-14;12509;3238;19401.0;64.5;16.7
10;69;2021-05-14;13624;4219;19343.0;70.4;21.8
10;74;2021-05-14;14899;8829;17592.0;84.7;50.2
10;79;2021-05-14;9472;7942;10554.0;89.7;75.3
10;80;2021-05-14;15783;13155;20810.0;75.8;63.2
11;24;2021-05-14;1076;382;22902.0;4.7;1.7
11;29;2021-05-14;1179;465;15409.0;7.7;3.0
11;39;2021-05-14;3994;1569;39384.0;10.1;4.0
11;49;2021-05-14;7743;2788;45681.0;17.0;6.1
11;59;2021-05-14;17994;5649;51248.0;35.1;11.0
11;64;2021-05-14;14308;3695;26525.0;53.9;13.9
11;69;2021-05-14;17152;5225;27686.0;62.0;18.9
11;74;2021-05-14;19192;9194;25828.0;74.3;35.6
11;79;2021-05-14;12943;9963;16823.0;76.9;59.2
11;80;2021-05-14;19820;15481;30100.0;65.8;51.4
12;24;2021-05-14;944;463;16356.0;5.8;2.8
12;29;2021-05-14;1042;542;11329.0;9.2;4.8
12;39;2021-05-14;3666;1881;28724.0;12.8;6.5
12;49;2021-05-14;6823;3142;33377.0;20.4;9.4
12;59;2021-05-14;15568;6033;39683.0;39.2;15.2
12;64;2021-05-14;12739;3859;20219.0;63.0;19.1
12;69;2021-05-14;14649;5308;20502.0;71.5;25.9
12;74;2021-05-14;15921;9887;18733.0;85.0;52.8
12;79;2021-05-14;10745;9009;12213.0;88.0;73.8
12;80;2021-05-14;20251;17099;26666.0;75.9;64.1
13;24;2021-05-14;12150;4312;166869.0;7.3;2.6
13;29;2021-05-14;12037;5019;113164.0;10.6;4.4
13;39;2021-05-14;35442;14105;254362.0;13.9;5.5
13;49;2021-05-14;60668;24181;256640.0;23.6;9.4
13;59;2021-05-14;112629;46700;265649.0;42.4;17.6
13;64;2021-05-14;70322;29166;120563.0;58.3;24.2
13;69;2021-05-14;72390;34047;115967.0;62.4;29.4
13;74;2021-05-14;78281;49974;105855.0;74.0;47.2
13;79;2021-05-14;59060;47780;76830.0;76.9;62.2
13;80;2021-05-14;87998;70828;128303.0;68.6;55.2
14;24;2021-05-14;5545;2044;60987.0;9.1;3.4
14;29;2021-05-14;4806;1856;34960.0;13.7;5.3
14;39;2021-05-14;13189;4972;78671.0;16.8;6.3
14;49;2021-05-14;19759;6575;84964.0;23.3;7.7
14;59;2021-05-14;39110;11568;89285.0;43.8;13.0
14;64;2021-05-14;29896;6399;45437.0;65.8;14.1
14;69;2021-05-14;33536;7729;45564.0;73.6;17.0
14;74;2021-05-14;35664;17846;39971.0;89.2;44.6
14;79;2021-05-14;21975;17498;23384.0;94.0;74.8
14;80;2021-05-14;37205;30051;47097.0;79.0;63.8
15;24;2021-05-14;792;321;8091.0;9.8;4.0
15;29;2021-05-14;756;306;5406.0;14.0;5.7
15;39;2021-05-14;2405;1056;14131.0;17.0;7.5
15;49;2021-05-14;4028;1581;17202.0;23.4;9.2
15;59;2021-05-14;8258;3014;21195.0;39.0;14.2
15;64;2021-05-14;6249;1787;11135.0;56.1;16.0
15;69;2021-05-14;7397;2471;11435.0;64.7;21.6
15;74;2021-05-14;8333;4856;10127.0;82.3;48.0
15;79;2021-05-14;5353;4267;6453.0;83.0;66.1
15;80;2021-05-14;10045;8152;13739.0;73.1;59.3
16;24;2021-05-14;823;307;22805.0;3.6;1.3
16;29;2021-05-14;1177;562;16488.0;7.1;3.4
16;39;2021-05-14;3563;1461;37221.0;9.6;3.9
16;49;2021-05-14;6229;2459;42419.0;14.7;5.8
16;59;2021-05-14;17174;4995;48767.0;35.2;10.2
16;64;2021-05-14;15534;3210;25626.0;60.6;12.5
16;69;2021-05-14;17588;4240;25227.0;69.7;16.8
16;74;2021-05-14;18783;8751;22007.0;85.4;39.8
16;79;2021-05-14;12740;10100;14324.0;88.9;70.5
16;80;2021-05-14;22666;18616;29131.0;77.8;63.9
17;24;2021-05-14;1644;743;41888.0;3.9;1.8
17;29;2021-05-14;2081;1049;25772.0;8.1;4.1
17;39;2021-05-14;6416;3162;66631.0;9.6;4.7
17;49;2021-05-14;11022;5025;78405.0;14.1;6.4
17;59;2021-05-14;29452;10096;85909.0;34.3;11.8
17;64;2021-05-14;27685;6818;47547.0;58.2;14.3
17;69;2021-05-14;35491;9917;51529.0;68.9;19.2
17;74;2021-05-14;41287;23716;47920.0;86.2;49.5
17;79;2021-05-14;26924;21973;30024.0;89.7;73.2
17;80;2021-05-14;42292;34464;55292.0;76.5;62.3
18;24;2021-05-14;894;307;18426.0;4.9;1.7
18;29;2021-05-14;1035;390;13223.0;7.8;2.9
18;39;2021-05-14;3394;1279;31552.0;10.8;4.1
18;49;2021-05-14;6222;2340;35301.0;17.6;6.6
18;59;2021-05-14;14688;4981;41611.0;35.3;12.0
18;64;2021-05-14;12788;3405;21471.0;59.6;15.9
18;69;2021-05-14;14009;4607;21413.0;65.4;21.5
18;74;2021-05-14;15964;9399;20101.0;79.4;46.8
18;79;2021-05-14;11165;8533;12438.0;89.8;68.6
18;80;2021-05-14;19134;15291;24943.0;76.7;61.3
19;24;2021-05-14;1072;428;15462.0;6.9;2.8
19;29;2021-05-14;1145;477;10380.0;11.0;4.6
19;39;2021-05-14;3326;1331;24486.0;13.6;5.4
19;49;2021-05-14;5859;2247;29167.0;20.1;7.7
19;59;2021-05-14;13209;4456;33019.0;40.0;13.5
19;64;2021-05-14;10024;2757;17701.0;56.6;15.6
19;69;2021-05-14;11516;3473;18195.0;63.3;19.1
19;74;2021-05-14;13239;6318;16310.0;81.2;38.7
19;79;2021-05-14;9042;7037;10544.0;85.8;66.7
19;80;2021-05-14;17041;13541;22198.0;76.8;61.0
21;24;2021-05-14;4352;1765;51370.0;8.5;3.4
21;29;2021-05-14;3458;1524;29584.0;11.7;5.2
21;39;2021-05-14;8842;3609;62868.0;14.1;5.7
21;49;2021-05-14;12794;4801;65826.0;19.4;7.3
21;59;2021-05-14;27050;8990;68688.0;39.4;13.1
21;64;2021-05-14;19566;5183;33480.0;58.4;15.5
21;69;2021-05-14;20922;6290;32324.0;64.7;19.5
21;74;2021-05-14;23717;12367;29647.0;80.0;41.7
21;79;2021-05-14;15773;12796;18184.0;86.7;70.4
21;80;2021-05-14;27026;22113;34790.0;77.7;63.6
22;24;2021-05-14;2679;964;36952.0;7.2;2.6
22;29;2021-05-14;2667;1114;23678.0;11.3;4.7
22;39;2021-05-14;8544;3640;60806.0;14.1;6.0
22;49;2021-05-14;14227;5750;72804.0;19.5;7.9
22;59;2021-05-14;33383;11641;80453.0;41.5;14.5
22;64;2021-05-14;27186;7091;43408.0;62.6;16.3
22;69;2021-05-14;32155;9854;44297.0;72.6;22.2
22;74;2021-05-14;38163;20624;40776.0;93.6;50.6
22;79;2021-05-14;22985;18188;24257.0;94.8;75.0
22;80;2021-05-14;41144;33542;50299.0;81.8;66.7
23;24;2021-05-14;674;159;6260.0;10.8;2.5
23;29;2021-05-14;659;218;4492.0;14.7;4.9
23;39;2021-05-14;1899;640;10711.0;17.7;6.0
23;49;2021-05-14;3282;1078;13371.0;24.5;8.1
23;59;2021-05-14;7194;2452;17031.0;42.2;14.4
23;64;2021-05-14;5911;1821;9821.0;60.2;18.5
23;69;2021-05-14;6519;2292;9849.0;66.2;23.3
23;74;2021-05-14;6968;3844;8970.0;77.7;42.9
23;79;2021-05-14;4478;3498;5131.0;87.3;68.2
23;80;2021-05-14;8697;7051;11943.0;72.8;59.0
24;24;2021-05-14;1032;429;22541.0;4.6;1.9
24;29;2021-05-14;1309;566;15932.0;8.2;3.6
24;39;2021-05-14;4300;1904;39189.0;11.0;4.9
24;49;2021-05-14;8315;3385;48292.0;17.2;7.0
24;59;2021-05-14;21404;8095;59110.0;36.2;13.7
24;64;2021-05-14;17658;5693;32291.0;54.7;17.6
24;69;2021-05-14;20732;7181;33389.0;62.1;21.5
24;74;2021-05-14;23968;13007;30858.0;77.7;42.2
24;79;2021-05-14;15520;11785;19184.0;80.9;61.4
24;80;2021-05-14;26681;20538;38638.0;69.1;53.2
25;24;2021-05-14;2851;915;47429.0;6.0;1.9
25;29;2021-05-14;2589;874;30431.0;8.5;2.9
25;39;2021-05-14;7327;2349;67253.0;10.9;3.5
25;49;2021-05-14;12800;3708;67339.0;19.0;5.5
25;59;2021-05-14;27024;7726;67781.0;39.9;11.4
25;64;2021-05-14;18359;4466;31706.0;57.9;14.1
25;69;2021-05-14;19324;5567;30203.0;64.0;18.4
25;74;2021-05-14;21549;11880;28593.0;75.4;41.5
25;79;2021-05-14;15057;12285;17681.0;85.2;69.5
25;80;2021-05-14;24981;20503;33060.0;75.6;62.0
26;24;2021-05-14;2256;560;34548.0;6.5;1.6
26;29;2021-05-14;2177;731;24822.0;8.8;2.9
26;39;2021-05-14;7597;2403;62462.0;12.2;3.8
26;49;2021-05-14;13199;3957;65055.0;20.3;6.1
26;59;2021-05-14;29334;8159;69283.0;42.3;11.8
26;64;2021-05-14;20580;4908;33560.0;61.3;14.6
26;69;2021-05-14;22411;6814;32308.0;69.4;21.1
26;74;2021-05-14;24368;13254;29997.0;81.2;44.2
26;79;2021-05-14;18061;14758;19941.0;90.6;74.0
26;80;2021-05-14;26592;21666;34888.0;76.2;62.1
27;24;2021-05-14;2327;585;40670.0;5.7;1.4
27;29;2021-05-14;2174;685;28567.0;7.6;2.4
27;39;2021-05-14;7771;2453;73301.0;10.6;3.3
27;49;2021-05-14;12727;3786;80019.0;15.9;4.7
27;59;2021-05-14;28768;8109;80762.0;35.6;10.0
27;64;2021-05-14;21459;4973;38454.0;55.8;12.9
27;69;2021-05-14;23209;6551;36662.0;63.3;17.9
27;74;2021-05-14;24440;13351;31470.0;77.7;42.4
27;79;2021-05-14;16556;13290;18731.0;88.4;71.0
27;80;2021-05-14;25326;20552;33986.0;74.5;60.5
28;24;2021-05-14;1503;589;27514.0;5.5;2.1
28;29;2021-05-14;1601;671;20894.0;7.7;3.2
28;39;2021-05-14;5536;2290;51269.0;10.8;4.5
28;49;2021-05-14;8860;3467;55770.0;15.9;6.2
28;59;2021-05-14;20887;6146;57755.0;36.2;10.6
28;64;2021-05-14;15871;3692;27002.0;58.8;13.7
28;69;2021-05-14;17356;4726;26418.0;65.7;17.9
28;74;2021-05-14;18870;9991;23002.0;82.0;43.4
28;79;2021-05-14;12177;9973;13878.0;87.7;71.9
28;80;2021-05-14;21168;17476;28717.0;73.7;60.9
29;24;2021-05-14;4853;1465;70022.0;6.9;2.1
29;29;2021-05-14;4935;1941;42569.0;11.6;4.6
29;39;2021-05-14;13882;5205;99828.0;13.9;5.2
29;49;2021-05-14;21444;7579;113799.0;18.8;6.7
29;59;2021-05-14;48984;15047;123509.0;39.7;12.2
29;64;2021-05-14;40570;7128;63508.0;63.9;11.2
29;69;2021-05-14;43201;8094;60999.0;70.8;13.3
29;74;2021-05-14;47299;20416;54208.0;87.3;37.7
29;79;2021-05-14;29451;21970;32298.0;91.2;68.0
29;80;2021-05-14;54068;41900;67044.0;80.6;62.5
2A;24;2021-05-14;1600;260;9206.0;17.4;2.8
2A;29;2021-05-14;1762;454;7844.0;22.5;5.8
2A;39;2021-05-14;5215;1628;20657.0;25.2;7.9
2A;49;2021-05-14;8550;3116;22044.0;38.8;14.1
2A;59;2021-05-14;13093;5971;23268.0;56.3;25.7
2A;64;2021-05-14;7102;3771;10671.0;66.6;35.3
2A;69;2021-05-14;7453;4508;10602.0;70.3;42.5
2A;74;2021-05-14;7235;5228;9731.0;74.4;53.7
2A;79;2021-05-14;5191;4358;7933.0;65.4;54.9
2A;80;2021-05-14;7630;6373;11632.0;65.6;54.8
2B;24;2021-05-14;1289;210;13486.0;9.6;1.6
2B;29;2021-05-14;1292;297;9563.0;13.5;3.1
2B;39;2021-05-14;4546;1320;22967.0;19.8;5.7
2B;49;2021-05-14;7732;3006;23161.0;33.4;13.0
2B;59;2021-05-14;12540;6198;24702.0;50.8;25.1
2B;64;2021-05-14;7622;4000;11790.0;64.6;33.9
2B;69;2021-05-14;8019;4679;12032.0;66.6;38.9
2B;74;2021-05-14;8241;5988;10849.0;76.0;55.2
2B;79;2021-05-14;6007;5243;8172.0;73.5;64.2
2B;80;2021-05-14;8990;7945;12552.0;71.6;63.3
30;24;2021-05-14;2785;1287;52820.0;5.3;2.4
30;29;2021-05-14;2809;1394;34641.0;8.1;4.0
30;39;2021-05-14;8961;4068;84369.0;10.6;4.8
30;49;2021-05-14;15333;6236;91908.0;16.7;6.8
30;59;2021-05-14;37086;12721;103521.0;35.8;12.3
30;64;2021-05-14;28278;7642;50969.0;55.5;15.0
30;69;2021-05-14;31894;9863;50457.0;63.2;19.5
30;74;2021-05-14;37568;21370;45688.0;82.2;46.8
30;79;2021-05-14;26211;20827;30153.0;86.9;69.1
30;80;2021-05-14;37980;30031;50677.0;74.9;59.3
31;24;2021-05-14;8528;3364;147618.0;5.8;2.3
31;29;2021-05-14;8339;3515;96416.0;8.6;3.6
31;39;2021-05-14;20469;8206;194920.0;10.5;4.2
31;49;2021-05-14;31339;11451;184340.0;17.0;6.2
31;59;2021-05-14;72702;23949;174175.0;41.7;13.7
31;64;2021-05-14;45441;13213;72167.0;63.0;18.3
31;69;2021-05-14;43519;14113;65865.0;66.1;21.4
31;74;2021-05-14;46013;24705;59889.0;76.8;41.3
31;79;2021-05-14;32147;24627;39232.0;81.9;62.8
31;80;2021-05-14;52678;41236;70928.0;74.3;58.1
32;24;2021-05-14;1214;338;10079.0;12.0;3.4
32;29;2021-05-14;1116;397;7305.0;15.3;5.4
32;39;2021-05-14;3447;1057;18813.0;18.3;5.6
32;49;2021-05-14;6356;1772;23258.0;27.3;7.6
32;59;2021-05-14;11672;3298;27973.0;41.7;11.8
32;64;2021-05-14;8883;2034;14418.0;61.6;14.1
32;69;2021-05-14;9510;2646;14445.0;65.8;18.3
32;74;2021-05-14;9964;5720;13008.0;76.6;44.0
32;79;2021-05-14;6875;5270;8613.0;79.8;61.2
32;80;2021-05-14;12770;10051;18030.0;70.8;55.7
33;24;2021-05-14;8954;3552;152227.0;5.9;2.3
33;29;2021-05-14;9347;3746;96491.0;9.7;3.9
33;39;2021-05-14;26078;10232;211536.0;12.3;4.8
33;49;2021-05-14;40089;14415;220133.0;18.2;6.5
33;59;2021-05-14;86580;27578;205186.0;42.2;13.4
33;64;2021-05-14;61712;15476;94195.0;65.5;16.4
33;69;2021-05-14;65655;19118;91164.0;72.0;21.0
33;74;2021-05-14;71576;37579;82221.0;87.1;45.7
33;79;2021-05-14;46187;35149;51472.0;89.7;68.3
33;80;2021-05-14;74422;56975;93624.0;79.5;60.9
34;24;2021-05-14;6354;1843;109686.0;5.8;1.7
34;29;2021-05-14;6718;2448;65836.0;10.2;3.7
34;39;2021-05-14;19052;6874;142491.0;13.4;4.8
34;49;2021-05-14;31153;9982;145553.0;21.4;6.9
34;59;2021-05-14;64529;19276;147241.0;43.8;13.1
34;64;2021-05-14;43860;11258;69781.0;62.9;16.1
34;69;2021-05-14;48442;14165;71456.0;67.8;19.8
34;74;2021-05-14;53786;28488;67486.0;79.7;42.2
34;79;2021-05-14;38645;29782;44508.0;86.8;66.9
34;80;2021-05-14;56112;43398;75563.0;74.3;57.4
35;24;2021-05-14;6755;2470;104190.0;6.5;2.4
35;29;2021-05-14;6344;2626;61845.0;10.3;4.2
35;39;2021-05-14;16522;6770;136675.0;12.1;5.0
35;49;2021-05-14;23108;9044;143253.0;16.1;6.3
35;59;2021-05-14;51757;15544;135357.0;38.2;11.5
35;64;2021-05-14;40215;7288;59016.0;68.1;12.3
35;69;2021-05-14;41084;8556;55998.0;73.4;15.3
35;74;2021-05-14;43837;20391;50609.0;86.6;40.3
35;79;2021-05-14;28308;21777;30280.0;93.5;71.9
35;80;2021-05-14;52279;41063;62438.0;83.7;65.8
36;24;2021-05-14;817;292;13347.0;6.1;2.2
36;29;2021-05-14;865;372;8959.0;9.7;4.2
36;39;2021-05-14;2717;1092;20646.0;13.2;5.3
36;49;2021-05-14;4661;1735;25665.0;18.2;6.8
36;59;2021-05-14;11783;3539;30627.0;38.5;11.6
36;64;2021-05-14;10120;2036;16697.0;60.6;12.2
36;69;2021-05-14;11455;2517;16845.0;68.0;14.9
36;74;2021-05-14;12739;5891;15444.0;82.5;38.1
36;79;2021-05-14;8871;7049;9912.0;89.5;71.1
36;80;2021-05-14;16029;12913;20492.0;78.2;63.0
37;24;2021-05-14;3926;1447;51128.0;7.7;2.8
37;29;2021-05-14;3335;1263;30771.0;10.8;4.1
37;39;2021-05-14;8941;3369;71384.0;12.5;4.7
37;49;2021-05-14;12591;4316;75823.0;16.6;5.7
37;59;2021-05-14;30594;9160;77908.0;39.3;11.8
37;64;2021-05-14;24030;4733;38120.0;63.0;12.4
37;69;2021-05-14;26004;5141;37052.0;70.2;13.9
37;74;2021-05-14;27837;11689;33451.0;83.2;34.9
37;79;2021-05-14;18495;12660;21199.0;87.2;59.7
37;80;2021-05-14;32897;23769;43131.0;76.3;55.1
38;24;2021-05-14;8834;2790;108965.0;8.1;2.6
38;29;2021-05-14;7956;2731;67727.0;11.7;4.0
38;39;2021-05-14;21666;7137;156507.0;13.8;4.6
38;49;2021-05-14;33740;10147;166838.0;20.2;6.1
38;59;2021-05-14;66980;19429;165540.0;40.5;11.7
38;64;2021-05-14;46321;11048;73262.0;63.2;15.1
38;69;2021-05-14;46390;12253;68087.0;68.1;18.0
38;74;2021-05-14;48479;26115;60493.0;80.1;43.2
38;79;2021-05-14;34246;27914;41745.0;82.0;66.9
38;80;2021-05-14;52931;43104;70307.0;75.3;61.3
39;24;2021-05-14;631;261;16259.0;3.9;1.6
39;29;2021-05-14;737;350;11639.0;6.3;3.0
39;39;2021-05-14;2482;1218;28552.0;8.7;4.3
39;49;2021-05-14;4736;2079;32094.0;14.8;6.5
39;59;2021-05-14;12289;4453;36427.0;33.7;12.2
39;64;2021-05-14;10639;2616;17732.0;60.0;14.8
39;69;2021-05-14;11758;3197;17001.0;69.2;18.8
39;74;2021-05-14;13159;6517;15842.0;83.1;41.1
39;79;2021-05-14;9522;7837;10318.0;92.3;76.0
39;80;2021-05-14;15163;12419;19732.0;76.8;62.9
40;24;2021-05-14;1362;471;23141.0;5.9;2.0
40;29;2021-05-14;1529;665;17313.0;8.8;3.8
40;39;2021-05-14;4812;2048;45849.0;10.5;4.5
40;49;2021-05-14;8885;3426;54129.0;16.4;6.3
40;59;2021-05-14;21642;7353;58062.0;37.3;12.7
40;64;2021-05-14;18039;4774;29228.0;61.7;16.3
40;69;2021-05-14;20989;6401;30256.0;69.4;21.2
40;74;2021-05-14;23200;13017;27412.0;84.6;47.5
40;79;2021-05-14;15080;12446;17201.0;87.7;72.4
40;80;2021-05-14;24961;20867;32052.0;77.9;65.1
41;24;2021-05-14;1120;556;20436.0;5.5;2.7
41;29;2021-05-14;1171;589;14376.0;8.1;4.1
41;39;2021-05-14;3555;1776;34921.0;10.2;5.1
41;49;2021-05-14;6128;2635;40911.0;15.0;6.4
41;59;2021-05-14;15697;4938;45162.0;34.8;10.9
41;64;2021-05-14;14156;2851;22728.0;62.3;12.5
41;69;2021-05-14;15428;3355;22685.0;68.0;14.8
41;74;2021-05-14;16990;8770;20510.0;82.8;42.8
41;79;2021-05-14;11677;9173;12424.0;94.0;73.8
41;80;2021-05-14;21847;17399;27559.0;79.3;63.1
42;24;2021-05-14;4727;1750;61452.0;7.7;2.8
42;29;2021-05-14;4255;1740;38460.0;11.1;4.5
42;39;2021-05-14;13146;5114;87478.0;15.0;5.8
42;49;2021-05-14;21245;7697;93717.0;22.7;8.2
42;59;2021-05-14;41118;14333;96985.0;42.4;14.8
42;64;2021-05-14;28608;8705;45737.0;62.5;19.0
42;69;2021-05-14;30943;10317;46317.0;66.8;22.3
42;74;2021-05-14;34673;17412;44186.0;78.5;39.4
42;79;2021-05-14;24004;18678;28220.0;85.1;66.2
42;80;2021-05-14;41293;32625;55551.0;74.3;58.7
43;24;2021-05-14;719;303;13944.0;5.2;2.2
43;29;2021-05-14;722;369;9892.0;7.3;3.7
43;39;2021-05-14;2345;1164;24155.0;9.7;4.8
43;49;2021-05-14;4233;2012;28786.0;14.7;7.0
43;59;2021-05-14;10197;4099;32117.0;31.7;12.8
43;64;2021-05-14;8848;2820;16538.0;53.5;17.1
43;69;2021-05-14;10296;4057;15751.0;65.4;25.8
43;74;2021-05-14;12429;7636;14568.0;85.3;52.4
43;79;2021-05-14;7812;6707;8692.0;89.9;77.2
43;80;2021-05-14;13713;11869;17542.0;78.2;67.7
44;24;2021-05-14;6898;2609;121915.0;5.7;2.1
44;29;2021-05-14;7064;3049;83347.0;8.5;3.7
44;39;2021-05-14;20083;7922;190072.0;10.6;4.2
44;49;2021-05-14;29160;10787;190724.0;15.3;5.7
44;59;2021-05-14;67575;19885;177335.0;38.1;11.2
44;64;2021-05-14;50689;10441;80388.0;63.1;13.0
44;69;2021-05-14;53707;12032;78183.0;68.7;15.4
44;74;2021-05-14;58255;26281;68887.0;84.6;38.2
44;79;2021-05-14;37023;25419;41100.0;90.1;61.8
44;80;2021-05-14;63960;46074;79175.0;80.8;58.2
45;24;2021-05-14;2375;659;53473.0;4.4;1.2
45;29;2021-05-14;2526;880;36199.0;7.0;2.4
45;39;2021-05-14;7696;2602;82596.0;9.3;3.2
45;49;2021-05-14;12211;3706;87117.0;14.0;4.3
45;59;2021-05-14;31351;7915;87500.0;35.8;9.0
45;64;2021-05-14;22599;4558;40935.0;55.2;11.1
45;69;2021-05-14;24162;5604;39320.0;61.4;14.3
45;74;2021-05-14;28058;14234;35729.0;78.5;39.8
45;79;2021-05-14;18704;14554;21933.0;85.3;66.4
45;80;2021-05-14;32057;25243;42663.0;75.1;59.2
46;24;2021-05-14;497;174;9162.0;5.4;1.9
46;29;2021-05-14;575;257;6807.0;8.4;3.8
46;39;2021-05-14;1817;752;16429.0;11.1;4.6
46;49;2021-05-14;3393;1334;19814.0;17.1;6.7
46;59;2021-05-14;9327;3158;24719.0;37.7;12.8
46;64;2021-05-14;8757;2235;14220.0;61.6;15.7
46;69;2021-05-14;10394;3137;14062.0;73.9;22.3
46;74;2021-05-14;11579;6106;13341.0;86.8;45.8
46;79;2021-05-14;7700;6321;8404.0;91.6;75.2
46;80;2021-05-14;13323;11107;17380.0;76.7;63.9
47;24;2021-05-14;1265;344;20332.0;6.2;1.7
47;29;2021-05-14;1389;436;14531.0;9.6;3.0
47;39;2021-05-14;4417;1513;35714.0;12.4;4.2
47;49;2021-05-14;7776;2356;38760.0;20.1;6.1
47;59;2021-05-14;18571;5433;45512.0;40.8;11.9
47;64;2021-05-14;13651;3892;23318.0;58.5;16.7
47;69;2021-05-14;15261;4876;23718.0;64.3;20.6
47;74;2021-05-14;16565;9040;21876.0;75.7;41.3
47;79;2021-05-14;11904;8817;14687.0;81.1;60.0
47;80;2021-05-14;20289;15278;28326.0;71.6;53.9
48;24;2021-05-14;277;126;5269.0;5.3;2.4
48;29;2021-05-14;302;146;3397.0;8.9;4.3
48;39;2021-05-14;890;494;7892.0;11.3;6.3
48;49;2021-05-14;1732;920;9437.0;18.4;9.7
48;59;2021-05-14;3581;1552;10818.0;33.1;14.3
48;64;2021-05-14;2690;966;5523.0;48.7;17.5
48;69;2021-05-14;3079;1351;5546.0;55.5;24.4
48;74;2021-05-14;3615;2253;4893.0;73.9;46.0
48;79;2021-05-14;2499;2099;3046.0;82.0;68.9
48;80;2021-05-14;4623;4034;6546.0;70.6;61.6
49;24;2021-05-14;5261;1843;73580.0;7.2;2.5
49;29;2021-05-14;4693;1869;40160.0;11.7;4.7
49;39;2021-05-14;12869;4879;95013.0;13.5;5.1
49;49;2021-05-14;19948;6772;102005.0;19.6;6.6
49;59;2021-05-14;45829;12143;102416.0;44.7;11.9
49;64;2021-05-14;35586;6669;49545.0;71.8;13.5
49;69;2021-05-14;37239;8077;47115.0;79.0;17.1
49;74;2021-05-14;36899;18376;41943.0;88.0;43.8
49;79;2021-05-14;23349;18424;26000.0;89.8;70.9
49;80;2021-05-14;43939;35677;58095.0;75.6;61.4
50;24;2021-05-14;2176;877;30917.0;7.0;2.8
50;29;2021-05-14;2315;1074;22751.0;10.2;4.7
50;39;2021-05-14;6937;3246;52724.0;13.2;6.2
50;49;2021-05-14;10553;4734;58061.0;18.2;8.2
50;59;2021-05-14;26586;8974;68673.0;38.7;13.1
50;64;2021-05-14;22890;5633;35084.0;65.2;16.1
50;69;2021-05-14;24706;7276;34247.0;72.1;21.2
50;74;2021-05-14;27479;16383;31790.0;86.4;51.5
50;79;2021-05-14;16896;14070;18769.0;90.0;75.0
50;80;2021-05-14;32843;27368;42204.0;77.8;64.8
51;24;2021-05-14;3749;1284;53016.0;7.1;2.4
51;29;2021-05-14;3361;1328;31606.0;10.6;4.2
51;39;2021-05-14;8936;3235;69338.0;12.9;4.7
51;49;2021-05-14;13912;4377;70406.0;19.8;6.2
51;59;2021-05-14;30310;8389;72009.0;42.1;11.6
51;64;2021-05-14;21191;4508;34031.0;62.3;13.2
51;69;2021-05-14;22490;5212;32988.0;68.2;15.8
51;74;2021-05-14;24570;10718;29996.0;81.9;35.7
51;79;2021-05-14;14900;11774;17033.0;87.5;69.1
51;80;2021-05-14;25306;20451;33132.0;76.4;61.7
52;24;2021-05-14;719;203;10948.0;6.6;1.9
52;29;2021-05-14;766;247;8345.0;9.2;3.0
52;39;2021-05-14;2852;890;17980.0;15.9;4.9
52;49;2021-05-14;4880;1467;19980.0;24.4;7.3
52;59;2021-05-14;10234;3079;24288.0;42.1;12.7
52;64;2021-05-14;7454;2000;12592.0;59.2;15.9
52;69;2021-05-14;8061;2531;12380.0;65.1;20.4
52;74;2021-05-14;8605;4528;11009.0;78.2;41.1
52;79;2021-05-14;5613;4126;6500.0;86.4;63.5
52;80;2021-05-14;9976;7564;13571.0;73.5;55.7
53;24;2021-05-14;1232;553;21795.0;5.7;2.5
53;29;2021-05-14;1110;547;13770.0;8.1;4.0
53;39;2021-05-14;3477;1705;33591.0;10.4;5.1
53;49;2021-05-14;5751;2544;38239.0;15.0;6.7
53;59;2021-05-14;13724;4703;40380.0;34.0;11.6
53;64;2021-05-14;10583;2372;19825.0;53.4;12.0
53;69;2021-05-14;12020;3257;18906.0;63.6;17.2
53;74;2021-05-14;14706;8538;16974.0;86.6;50.3
53;79;2021-05-14;8659;7012;10260.0;84.4;68.3
53;80;2021-05-14;18404;15386;24074.0;76.4;63.9
54;24;2021-05-14;5487;1707;73381.0;7.5;2.3
54;29;2021-05-14;4739;1719;42716.0;11.1;4.0
54;39;2021-05-14;13243;4494;91468.0;14.5;4.9
54;49;2021-05-14;20282;6390;89778.0;22.6;7.1
54;59;2021-05-14;43216;12892;92748.0;46.6;13.9
54;64;2021-05-14;28634;7292;45058.0;63.5;16.2
54;69;2021-05-14;29401;8825;42708.0;68.8;20.7
54;74;2021-05-14;29379;14193;37042.0;79.3;38.3
54;79;2021-05-14;18198;14408;21736.0;83.7;66.3
54;80;2021-05-14;32695;26148;45006.0;72.6;58.1
55;24;2021-05-14;709;227;12250.0;5.8;1.9
55;29;2021-05-14;694;250;8717.0;8.0;2.9
55;39;2021-05-14;2402;913;20573.0;11.7;4.4
55;49;2021-05-14;3766;1435;22189.0;17.0;6.5
55;59;2021-05-14;9404;3334;25507.0;36.9;13.1
55;64;2021-05-14;8109;2250;13096.0;61.9;17.2
55;69;2021-05-14;8954;3042;12914.0;69.3;23.6
55;74;2021-05-14;9252;5288;10888.0;85.0;48.6
55;79;2021-05-14;4959;4007;6009.0;82.5;66.7
55;80;2021-05-14;9199;7390;13022.0;70.6;56.8
56;24;2021-05-14;3103;1128;49375.0;6.3;2.3
56;29;2021-05-14;3083;1262;31552.0;9.8;4.0
56;39;2021-05-14;9901;4138;80891.0;12.2;5.1
56;49;2021-05-14;16574;6489;94257.0;17.6;6.9
56;59;2021-05-14;39284;11772;103556.0;37.9;11.4
56;64;2021-05-14;34988;6654;55073.0;63.5;12.1
56;69;2021-05-14;39294;8212;54410.0;72.2;15.1
56;74;2021-05-14;44805;20653;49802.0;90.0;41.5
56;79;2021-05-14;27218;20795;28672.0;94.9;72.5
56;80;2021-05-14;47164;36881;57856.0;81.5;63.7
57;24;2021-05-14;6590;2767;76564.0;8.6;3.6
57;29;2021-05-14;6172;2833;57735.0;10.7;4.9
57;39;2021-05-14;19921;8398;132378.0;15.0;6.3
57;49;2021-05-14;29549;11532;131505.0;22.5;8.8
57;59;2021-05-14;61837;24824;147461.0;41.9;16.8
57;64;2021-05-14;42625;16354;71227.0;59.8;23.0
57;69;2021-05-14;43276;19151;64651.0;66.9;29.6
57;74;2021-05-14;42189;25862;50986.0;82.7;50.7
57;79;2021-05-14;27367;23204;34126.0;80.2;68.0
57;80;2021-05-14;47137;40057;62704.0;75.2;63.9
58;24;2021-05-14;621;250;11645.0;5.3;2.1
58;29;2021-05-14;661;302;7782.0;8.5;3.9
58;39;2021-05-14;2154;940;18995.0;11.3;4.9
58;49;2021-05-14;3732;1553;22646.0;16.5;6.9
58;59;2021-05-14;9782;3661;27780.0;35.2;13.2
58;64;2021-05-14;9066;2518;15906.0;57.0;15.8
58;69;2021-05-14;10964;3569;16731.0;65.5;21.3
58;74;2021-05-14;12875;7572;15108.0;85.2;50.1
58;79;2021-05-14;8596;7103;9264.0;92.8;76.7
58;80;2021-05-14;15468;12851;19486.0;79.4;65.9
59;24;2021-05-14;23107;7447;248677.0;9.3;3.0
59;29;2021-05-14;19730;7317;155795.0;12.7;4.7
59;39;2021-05-14;55891;20179;335101.0;16.7;6.0
59;49;2021-05-14;80545;26882;326530.0;24.7;8.2
59;59;2021-05-14;146722;49197;320261.0;45.8;15.4
59;64;2021-05-14;93592;27957;148581.0;63.0;18.8
59;69;2021-05-14;94187;32350;137139.0;68.7;23.6
59;74;2021-05-14;96575;53493;119660.0;80.7;44.7
59;79;2021-05-14;54485;44029;64728.0;84.2;68.0
59;80;2021-05-14;92210;74233;131566.0;70.1;56.4
60;24;2021-05-14;4223;1300;62002.0;6.8;2.1
60;29;2021-05-14;4020;1467;44676.0;9.0;3.3
60;39;2021-05-14;13155;4795;106081.0;12.4;4.5
60;49;2021-05-14;21394;8080;111306.0;19.2;7.3
60;59;2021-05-14;42037;15304;110477.0;38.1;13.9
60;64;2021-05-14;27209;9227;49312.0;55.2;18.7
60;69;2021-05-14;28257;11203;46165.0;61.2;24.3
60;74;2021-05-14;30137;18487;38888.0;77.5;47.5
60;79;2021-05-14;18361;15071;21958.0;83.6;68.6
60;80;2021-05-14;28616;23709;39169.0;73.1;60.5
61;24;2021-05-14;1213;520;18051.0;6.7;2.9
61;29;2021-05-14;1106;548;11845.0;9.3;4.6
61;39;2021-05-14;3856;1969;27860.0;13.8;7.1
61;49;2021-05-14;5954;2827;32672.0;18.2;8.7
61;59;2021-05-14;14119;5547;38069.0;37.1;14.6
61;64;2021-05-14;12474;3624;20092.0;62.1;18.0
61;69;2021-05-14;14153;4853;20194.0;70.1;24.0
61;74;2021-05-14;16260;10447;18393.0;88.4;56.8
61;79;2021-05-14;10693;8766;11048.0;96.8;79.3
61;80;2021-05-14;20147;16753;24824.0;81.2;67.5
62;24;2021-05-14;10978;3122;115190.0;9.5;2.7
62;29;2021-05-14;9626;3569;76661.0;12.6;4.7
62;39;2021-05-14;30368;11303;181223.0;16.8;6.2
62;49;2021-05-14;46980;16638;185396.0;25.3;9.0
62;59;2021-05-14;87362;31385;188804.0;46.3;16.6
62;64;2021-05-14;58771;19716;92654.0;63.4;21.3
62;69;2021-05-14;61939;24574;88487.0;70.0;27.8
62;74;2021-05-14;62706;35983;74647.0;84.0;48.2
62;79;2021-05-14;34114;26588;39304.0;86.8;67.6
62;80;2021-05-14;57779;44943;79983.0;72.2;56.2
63;24;2021-05-14;4266;1505;57859.0;7.4;2.6
63;29;2021-05-14;3785;1485;34784.0;10.9;4.3
63;39;2021-05-14;10583;3840;77930.0;13.6;4.9
63;49;2021-05-14;16269;5486;83111.0;19.6;6.6
63;59;2021-05-14;35965;11544;86381.0;41.6;13.4
63;64;2021-05-14;25268;7075;42614.0;59.3;16.6
63;69;2021-05-14;26927;8870;41854.0;64.3;21.2
63;74;2021-05-14;30001;16826;37974.0;79.0;44.3
63;79;2021-05-14;19197;15717;23482.0;81.8;66.9
63;80;2021-05-14;31019;25483;44122.0;70.3;57.8
64;24;2021-05-14;2891;1092;47008.0;6.2;2.3
64;29;2021-05-14;3487;1571;31664.0;11.0;5.0
64;39;2021-05-14;11185;4751;78556.0;14.2;6.0
64;49;2021-05-14;18134;7096;87908.0;20.6;8.1
64;59;2021-05-14;40666;14364;94942.0;42.8;15.1
64;64;2021-05-14;31382;8967;45492.0;69.0;19.7
64;69;2021-05-14;34032;11722;44637.0;76.2;26.3
64;74;2021-05-14;36591;22095;40739.0;89.8;54.2
64;79;2021-05-14;25783;21722;27526.0;93.7;78.9
64;80;2021-05-14;43883;36736;55070.0;79.7;66.7
65;24;2021-05-14;1038;289;15160.0;6.8;1.9
65;29;2021-05-14;1070;345;9487.0;11.3;3.6
65;39;2021-05-14;3873;1298;22948.0;16.9;5.7
65;49;2021-05-14;7219;2314;26998.0;26.7;8.6
65;59;2021-05-14;15343;5229;32331.0;47.5;16.2
65;64;2021-05-14;11380;3384;17205.0;66.1;19.7
65;69;2021-05-14;12591;4659;17101.0;73.6;27.2
65;74;2021-05-14;13702;8015;15217.0;90.0;52.7
65;79;2021-05-14;9245;7415;10138.0;91.2;73.1
65;80;2021-05-14;16167;13034;20637.0;78.3;63.2
66;24;2021-05-14;1757;446;31663.0;5.5;1.4
66;29;2021-05-14;1902;627;21408.0;8.9;2.9
66;39;2021-05-14;6458;2168;51091.0;12.6;4.2
66;49;2021-05-14;12376;3866;57577.0;21.5;6.7
66;59;2021-05-14;26806;7827;63924.0;41.9;12.2
66;64;2021-05-14;20703;4997;32657.0;63.4;15.3
66;69;2021-05-14;24085;6893;33729.0;71.4;20.4
66;74;2021-05-14;27427;14510;33285.0;82.4;43.6
66;79;2021-05-14;19055;14634;22201.0;85.8;65.9
66;80;2021-05-14;28200;21680;39492.0;71.4;54.9
67;24;2021-05-14;8055;3009;103470.0;7.8;2.9
67;29;2021-05-14;7384;2916;68258.0;10.8;4.3
67;39;2021-05-14;19095;7325;143902.0;13.3;5.1
67;49;2021-05-14;26172;9133;144948.0;18.1;6.3
67;59;2021-05-14;60854;18605;155713.0;39.1;11.9
67;64;2021-05-14;42355;11027;71470.0;59.3;15.4
67;69;2021-05-14;43003;12862;65531.0;65.6;19.6
67;74;2021-05-14;42726;19878;51149.0;83.5;38.9
67;79;2021-05-14;28641;21945;36563.0;78.3;60.0
67;80;2021-05-14;47681;36583;63738.0;74.8;57.4
68;24;2021-05-14;3435;970;53910.0;6.4;1.8
68;29;2021-05-14;3610;1317;40567.0;8.9;3.2
68;39;2021-05-14;10819;3889;94190.0;11.5;4.1
68;49;2021-05-14;17484;6020;100879.0;17.3;6.0
68;59;2021-05-14;39719;13792;108273.0;36.7;12.7
68;64;2021-05-14;28296;8845;50002.0;56.6;17.7
68;69;2021-05-14;29675;11156;46609.0;63.7;23.9
68;74;2021-05-14;29524;17847;37574.0;78.6;47.5
68;79;2021-05-14;20458;17054;26401.0;77.5;64.6
68;80;2021-05-14;33507;27901;45363.0;73.9;61.5
69;24;2021-05-14;13743;5412;193707.0;7.1;2.8
69;29;2021-05-14;13658;5766;128544.0;10.6;4.5
69;39;2021-05-14;33879;13005;255779.0;13.2;5.1
69;49;2021-05-14;45964;16689;235508.0;19.5;7.1
69;59;2021-05-14;93756;31836;220390.0;42.5;14.4
69;64;2021-05-14;57329;16458;92849.0;61.7;17.7
69;69;2021-05-14;56407;18054;86477.0;65.2;20.9
69;74;2021-05-14;63692;35953;80551.0;79.1;44.6
69;79;2021-05-14;48952;39784;56229.0;87.1;70.8
69;80;2021-05-14;77822;62856;102744.0;75.7;61.2
70;24;2021-05-14;759;232;14595.0;5.2;1.6
70;29;2021-05-14;852;322;9950.0;8.6;3.2
70;39;2021-05-14;2869;956;25822.0;11.1;3.7
70;49;2021-05-14;5466;1699;29753.0;18.4;5.7
70;59;2021-05-14;11667;3649;33090.0;35.3;11.0
70;64;2021-05-14;9498;2486;16609.0;57.2;15.0
70;69;2021-05-14;10578;3170;16317.0;64.8;19.4
70;74;2021-05-14;11893;6385;14717.0;80.8;43.4
70;79;2021-05-14;7480;6021;8819.0;84.8;68.3
70;80;2021-05-14;12056;9708;16152.0;74.6;60.1
71;24;2021-05-14;1953;754;33329.0;5.9;2.3
71;29;2021-05-14;2051;888;23851.0;8.6;3.7
71;39;2021-05-14;7307;2989;58219.0;12.6;5.1
71;49;2021-05-14;12116;4593;65377.0;18.5;7.0
71;59;2021-05-14;28350;9783;76338.0;37.1;12.8
71;64;2021-05-14;21745;6027;38652.0;56.3;15.6
71;69;2021-05-14;25681;8116;39372.0;65.2;20.6
71;74;2021-05-14;29967;15465;36506.0;82.1;42.4
71;79;2021-05-14;20340;16234;23611.0;86.1;68.8
71;80;2021-05-14;35607;28825;46373.0;76.8;62.2
72;24;2021-05-14;2876;692;42293.0;6.8;1.6
72;29;2021-05-14;2615;803;26871.0;9.7;3.0
72;39;2021-05-14;7995;2407;61693.0;13.0;3.9
72;49;2021-05-14;13173;3541;69750.0;18.9;5.1
72;59;2021-05-14;28244;6730;73282.0;38.5;9.2
72;64;2021-05-14;20341;3387;36635.0;55.5;9.2
72;69;2021-05-14;22084;4316;35483.0;62.2;12.2
72;74;2021-05-14;23403;9925;31469.0;74.4;31.5
72;79;2021-05-14;15241;10427;19674.0;77.5;53.0
72;80;2021-05-14;29507;21007;41352.0;71.4;50.8
73;24;2021-05-14;1367;419;32141.0;4.3;1.3
73;29;2021-05-14;1664;660;21474.0;7.7;3.1
73;39;2021-05-14;5454;2136;52325.0;10.4;4.1
73;49;2021-05-14;8775;3266;57492.0;15.3;5.7
73;59;2021-05-14;21824;6781;59925.0;36.4;11.3
73;64;2021-05-14;16574;4328;27935.0;59.3;15.5
73;69;2021-05-14;17692;5606;25927.0;68.2;21.6
73;74;2021-05-14;18600;9767;22860.0;81.4;42.7
73;79;2021-05-14;14144;11551;15657.0;90.3;73.8
73;80;2021-05-14;21770;17770;28393.0;76.7;62.6
74;24;2021-05-14;2520;733;54544.0;4.6;1.3
74;29;2021-05-14;3496;1261;50048.0;7.0;2.5
74;39;2021-05-14;10931;3754;121243.0;9.0;3.1
74;49;2021-05-14;17376;5629;117006.0;14.9;4.8
74;59;2021-05-14;37238;12016;110349.0;33.7;10.9
74;64;2021-05-14;25422;7387;44341.0;57.3;16.7
74;69;2021-05-14;26126;9031;41045.0;63.7;22.0
74;74;2021-05-14;29268;17267;37053.0;79.0;46.6
74;79;2021-05-14;21179;17237;24722.0;85.7;69.7
74;80;2021-05-14;29727;24405;40575.0;73.3;60.1
75;24;2021-05-14;26541;7986;222205.0;11.9;3.6
75;29;2021-05-14;30965;10211;215331.0;14.4;4.7
75;39;2021-05-14;65850;21158;332595.0;19.8;6.4
75;49;2021-05-14;79036;24639;277369.0;28.5;8.9
75;59;2021-05-14;155019;48682;259307.0;59.8;18.8
75;64;2021-05-14;81802;24982;110883.0;73.8;22.5
75;69;2021-05-14;69160;24790;102872.0;67.2;24.1
75;74;2021-05-14;73387;44848;98223.0;74.7;45.7
75;79;2021-05-14;51415;43093;64896.0;79.2;66.4
75;80;2021-05-14;78763;65339;109244.0;72.1;59.8
750;64;2021-05-14;1;0;;;
76;24;2021-05-14;8907;3384;106184.0;8.4;3.2
76;29;2021-05-14;8232;3748;69080.0;11.9;5.4
76;39;2021-05-14;22758;9822;152559.0;14.9;6.4
76;49;2021-05-14;32159;12435;151379.0;21.2;8.2
76;59;2021-05-14;66796;22514;159079.0;42.0;14.2
76;64;2021-05-14;49431;12330;77692.0;63.6;15.9
76;69;2021-05-14;51916;13995;75020.0;69.2;18.7
76;74;2021-05-14;56033;31669;65404.0;85.7;48.4
76;79;2021-05-14;35695;29339;39775.0;89.7;73.8
76;80;2021-05-14;59830;49088;76864.0;77.8;63.9
77;24;2021-05-14;6409;1283;119700.0;5.4;1.1
77;29;2021-05-14;6204;1627;83196.0;7.5;2.0
77;39;2021-05-14;19798;5113;192425.0;10.3;2.7
77;49;2021-05-14;31899;7683;196727.0;16.2;3.9
77;59;2021-05-14;61298;15366;185341.0;33.1;8.3
77;64;2021-05-14;38075;8613;76699.0;49.6;11.2
77;69;2021-05-14;37882;10473;66623.0;56.9;15.7
77;74;2021-05-14;40432;21264;56446.0;71.6;37.7
77;79;2021-05-14;27493;22691;34428.0;79.9;65.9
77;80;2021-05-14;42145;35076;57566.0;73.2;60.9
78;24;2021-05-14;7015;1686;114179.0;6.1;1.5
78;29;2021-05-14;6959;2022;79205.0;8.8;2.6
78;39;2021-05-14;21812;5912;184091.0;11.8;3.2
78;49;2021-05-14;37689;9271;202141.0;18.6;4.6
78;59;2021-05-14;78230;21423;192045.0;40.7;11.2
78;64;2021-05-14;48076;12177;78301.0;61.4;15.6
78;69;2021-05-14;42250;13756;68519.0;61.7;20.1
78;74;2021-05-14;44523;27856;62672.0;71.0;44.4
78;79;2021-05-14;28851;24260;42980.0;67.1;56.4
78;80;2021-05-14;49663;42248;74459.0;66.7;56.7
79;24;2021-05-14;1161;625;23587.0;4.9;2.6
79;29;2021-05-14;1162;649;16506.0;7.0;3.9
79;39;2021-05-14;4036;2245;41182.0;9.8;5.5
79;49;2021-05-14;6537;3328;47239.0;13.8;7.0
79;59;2021-05-14;17527;6302;51600.0;34.0;12.2
79;64;2021-05-14;15294;3531;25727.0;59.4;13.7
79;69;2021-05-14;16708;4697;24538.0;68.1;19.1
79;74;2021-05-14;18804;11115;21802.0;86.2;51.0
79;79;2021-05-14;12033;9740;13843.0;86.9;70.4
79;80;2021-05-14;22900;18650;29168.0;78.5;63.9
80;24;2021-05-14;4338;1709;53274.0;8.1;3.2
80;29;2021-05-14;3662;1570;30964.0;11.8;5.1
80;39;2021-05-14;10240;3960;67453.0;15.2;5.9
80;49;2021-05-14;14984;5020;71182.0;21.1;7.1
80;59;2021-05-14;31899;8940;73570.0;43.4;12.2
80;64;2021-05-14;21884;5125;35831.0;61.1;14.3
80;69;2021-05-14;23275;6212;34903.0;66.7;17.8
80;74;2021-05-14;24519;12079;30000.0;81.7;40.3
80;79;2021-05-14;15232;12038;17445.0;87.3;69.0
80;80;2021-05-14;24478;19785;33674.0;72.7;58.8
81;24;2021-05-14;1437;480;25382.0;5.7;1.9
81;29;2021-05-14;1498;610;16270.0;9.2;3.7
81;39;2021-05-14;5139;1873;41434.0;12.4;4.5
81;49;2021-05-14;10126;3490;48581.0;20.8;7.2
81;59;2021-05-14;21413;7775;53768.0;39.8;14.5
81;64;2021-05-14;15712;5089;26784.0;58.7;19.0
81;69;2021-05-14;17871;7153;26379.0;67.7;27.1
81;74;2021-05-14;19667;12605;24116.0;81.6;52.3
81;79;2021-05-14;13451;11054;15421.0;87.2;71.7
81;80;2021-05-14;25127;20788;33465.0;75.1;62.1
82;24;2021-05-14;707;192;16792.0;4.2;1.1
82;29;2021-05-14;863;354;11727.0;7.4;3.0
82;39;2021-05-14;2969;1150;30052.0;9.9;3.8
82;49;2021-05-14;5683;2049;35032.0;16.2;5.8
82;59;2021-05-14;12440;4299;35322.0;35.2;12.2
82;64;2021-05-14;9519;2567;16858.0;56.5;15.2
82;69;2021-05-14;10990;3335;16693.0;65.8;20.0
82;74;2021-05-14;12027;6788;14495.0;83.0;46.8
82;79;2021-05-14;8664;6995;9336.0;92.8;74.9
82;80;2021-05-14;14261;11633;18300.0;77.9;63.6
83;24;2021-05-14;3506;1008;69501.0;5.0;1.5
83;29;2021-05-14;3875;1488;48220.0;8.0;3.1
83;39;2021-05-14;12219;4987;120276.0;10.2;4.1
83;49;2021-05-14;21724;8512;131324.0;16.5;6.5
83;59;2021-05-14;51745;19086;145518.0;35.6;13.1
83;64;2021-05-14;39179;13086;72726.0;53.9;18.0
83;69;2021-05-14;45900;17284;73312.0;62.6;23.6
83;74;2021-05-14;55091;32574;72201.0;76.3;45.1
83;79;2021-05-14;42444;33538;53309.0;79.6;62.9
83;80;2021-05-14;61122;48049;85869.0;71.2;56.0
84;24;2021-05-14;1533;453;39477.0;3.9;1.1
84;29;2021-05-14;1807;692;27578.0;6.6;2.5
84;39;2021-05-14;6355;2369;63922.0;9.9;3.7
84;49;2021-05-14;11635;4229;70030.0;16.6;6.0
84;59;2021-05-14;27197;9199;77217.0;35.2;11.9
84;64;2021-05-14;19987;5654;36344.0;55.0;15.6
84;69;2021-05-14;21787;6753;35290.0;61.7;19.1
84;74;2021-05-14;24116;12281;31933.0;75.5;38.5
84;79;2021-05-14;19005;14785;21947.0;86.6;67.4
84;80;2021-05-14;26998;21116;37418.0;72.2;56.4
85;24;2021-05-14;2625;954;41969.0;6.3;2.3
85;29;2021-05-14;2824;1184;29084.0;9.7;4.1
85;39;2021-05-14;8433;3625;75720.0;11.1;4.8
85;49;2021-05-14;13508;5228;86574.0;15.6;6.0
85;59;2021-05-14;30802;9516;89803.0;34.3;10.6
85;64;2021-05-14;29913;5139;47935.0;62.4;10.7
85;69;2021-05-14;35902;6660;49126.0;73.1;13.6
85;74;2021-05-14;41113;19126;45117.0;91.1;42.4
85;79;2021-05-14;24897;19121;26284.0;94.7;72.7
85;80;2021-05-14;42744;34209;50506.0;84.6;67.7
86;24;2021-05-14;3931;1178;42794.0;9.2;2.8
86;29;2021-05-14;3081;1036;21569.0;14.3;4.8
86;39;2021-05-14;8591;2558;48717.0;17.6;5.3
86;49;2021-05-14;13857;3648;52927.0;26.2;6.9
86;59;2021-05-14;26352;6784;55357.0;47.6;12.3
86;64;2021-05-14;18049;3828;28304.0;63.8;13.5
86;69;2021-05-14;19457;4737;27405.0;71.0;17.3
86;74;2021-05-14;20117;8941;23771.0;84.6;37.6
86;79;2021-05-14;13878;10825;15115.0;91.8;71.6
86;80;2021-05-14;25438;20108;32981.0;77.1;61.0
87;24;2021-05-14;2406;779;30878.0;7.8;2.5
87;29;2021-05-14;2284;914;17124.0;13.3;5.3
87;39;2021-05-14;6274;2407;39312.0;16.0;6.1
87;49;2021-05-14;10262;3627;44763.0;22.9;8.1
87;59;2021-05-14;21475;6534;49746.0;43.2;13.1
87;64;2021-05-14;16483;3693;25026.0;65.9;14.8
87;69;2021-05-14;18052;4338;25500.0;70.8;17.0
87;74;2021-05-14;19757;7987;23660.0;83.5;33.8
87;79;2021-05-14;12777;9721;14787.0;86.4;65.7
87;80;2021-05-14;22750;17676;30671.0;74.2;57.6
88;24;2021-05-14;2012;518;23721.0;8.5;2.2
88;29;2021-05-14;1751;599;15975.0;11.0;3.7
88;39;2021-05-14;5856;2044;38540.0;15.2;5.3
88;49;2021-05-14;10353;3641;43251.0;23.9;8.4
88;59;2021-05-14;22431;7369;51489.0;43.6;14.3
88;64;2021-05-14;16202;4949;26457.0;61.2;18.7
88;69;2021-05-14;18073;6566;25999.0;69.5;25.3
88;74;2021-05-14;19570;10320;23464.0;83.4;44.0
88;79;2021-05-14;11340;9133;13069.0;86.8;69.9
88;80;2021-05-14;20927;17132;28475.0;73.5;60.2
89;24;2021-05-14;1013;429;20050.0;5.1;2.1
89;29;2021-05-14;1208;550;14639.0;8.3;3.8
89;39;2021-05-14;4021;1891;36906.0;10.9;5.1
89;49;2021-05-14;7021;2906;40908.0;17.2;7.1
89;59;2021-05-14;15798;5738;45251.0;34.9;12.7
89;64;2021-05-14;12733;3456;23463.0;54.3;14.7
89;69;2021-05-14;14755;4576;24006.0;61.5;19.1
89;74;2021-05-14;16676;9506;21497.0;77.6;44.2
89;79;2021-05-14;10530;8537;12690.0;83.0;67.3
89;80;2021-05-14;18771;15436;25315.0;74.1;61.0
90;24;2021-05-14;720;208;11142.0;6.5;1.9
90;29;2021-05-14;690;259;8158.0;8.5;3.2
90;39;2021-05-14;2192;853;16796.0;13.1;5.1
90;49;2021-05-14;3920;1504;17954.0;21.8;8.4
90;59;2021-05-14;8480;3392;18412.0;46.1;18.4
90;64;2021-05-14;5469;1858;8988.0;60.8;20.7
90;69;2021-05-14;5770;2463;8307.0;69.5;29.6
90;74;2021-05-14;6312;3888;7344.0;85.9;52.9
90;79;2021-05-14;3873;3224;4601.0;84.2;70.1
90;80;2021-05-14;6617;5502;8820.0;75.0;62.4
91;24;2021-05-14;4907;1275;117572.0;4.2;1.1
91;29;2021-05-14;5693;1890;81175.0;7.0;2.3
91;39;2021-05-14;17977;5819;174980.0;10.3;3.3
91;49;2021-05-14;29748;9179;179847.0;16.5;5.1
91;59;2021-05-14;62865;18042;169548.0;37.1;10.6
91;64;2021-05-14;37978;9894;68442.0;55.5;14.5
91;69;2021-05-14;34208;10935;57526.0;59.5;19.0
91;74;2021-05-14;37152;21437;50951.0;72.9;42.1
91;79;2021-05-14;27169;22969;33960.0;80.0;67.6
91;80;2021-05-14;44917;37798;59916.0;75.0;63.1
92;24;2021-05-14;11064;2727;139712.0;7.9;2.0
92;29;2021-05-14;13228;3631;114932.0;11.5;3.2
92;39;2021-05-14;35705;8941;241384.0;14.8;3.7
92;49;2021-05-14;53283;13138;227139.0;23.5;5.8
92;59;2021-05-14;94393;25585;201643.0;46.8;12.7
92;64;2021-05-14;46825;13585;79326.0;59.0;17.1
92;69;2021-05-14;39801;14694;69102.0;57.6;21.3
92;74;2021-05-14;42439;27052;62608.0;67.8;43.2
92;79;2021-05-14;29468;25266;42778.0;68.9;59.1
92;80;2021-05-14;53875;46415;79611.0;67.7;58.3
93;24;2021-05-14;8635;2346;149422.0;5.8;1.6
93;29;2021-05-14;12545;3498;116400.0;10.8;3.0
93;39;2021-05-14;33509;9169;256009.0;13.1;3.6
93;49;2021-05-14;46806;12870;231000.0;20.3;5.6
93;59;2021-05-14;79977;26183;197192.0;40.6;13.3
93;64;2021-05-14;45344;16849;78405.0;57.8;21.5
93;69;2021-05-14;39683;17755;65255.0;60.8;27.2
93;74;2021-05-14;35184;22211;51275.0;68.6;43.3
93;79;2021-05-14;25550;21120;31866.0;80.2;66.3
93;80;2021-05-14;38694;32131;51825.0;74.7;62.0
94;24;2021-05-14;9141;2507;128757.0;7.1;1.9
94;29;2021-05-14;10062;3372;96273.0;10.5;3.5
94;39;2021-05-14;26502;8315;201248.0;13.2;4.1
94;49;2021-05-14;38881;11188;189650.0;20.5;5.9
94;59;2021-05-14;76000;23662;178549.0;42.6;13.3
94;64;2021-05-14;43099;14358;73435.0;58.7;19.6
94;69;2021-05-14;38725;15735;61325.0;63.1;25.7
94;74;2021-05-14;40091;25688;53054.0;75.6;48.4
94;79;2021-05-14;26150;21756;34793.0;75.2;62.5
94;80;2021-05-14;44989;37889;65511.0;68.7;57.8
95;24;2021-05-14;8301;2354;107945.0;7.7;2.2
95;29;2021-05-14;8541;2892;76531.0;11.2;3.8
95;39;2021-05-14;23732;7373;175116.0;13.6;4.2
95;49;2021-05-14;35255;10180;167938.0;21.0;6.1
95;59;2021-05-14;63761;19453;155011.0;41.1;12.5
95;64;2021-05-14;39007;10157;65805.0;59.3;15.4
95;69;2021-05-14;35447;12383;55323.0;64.1;22.4
95;74;2021-05-14;36650;23810;45137.0;81.2;52.8
95;79;2021-05-14;24139;20517;26895.0;89.8;76.3
95;80;2021-05-14;37779;32050;48098.0;78.5;66.6
970;74;2021-05-14;1;0;;;
971;24;2021-05-14;396;113;27093.0;1.5;0.4
971;29;2021-05-14;663;275;16795.0;3.9;1.6
971;39;2021-05-14;1906;730;37149.0;5.1;2.0
971;49;2021-05-14;3193;1297;48928.0;6.5;2.7
971;59;2021-05-14;5146;2207;60524.0;8.5;3.6
971;64;2021-05-14;3109;1340;27495.0;11.3;4.9
971;69;2021-05-14;3263;1429;23618.0;13.8;6.1
971;74;2021-05-14;2974;1363;19823.0;15.0;6.9
971;79;2021-05-14;2053;1135;13239.0;15.5;8.6
971;80;2021-05-14;2185;1259;20928.0;10.4;6.0
972;24;2021-05-14;1000;376;24337.0;4.1;1.5
972;29;2021-05-14;1334;683;15561.0;8.6;4.4
972;39;2021-05-14;3927;2065;34280.0;11.5;6.0
972;49;2021-05-14;5855;3287;42967.0;13.6;7.7
972;59;2021-05-14;8705;4710;62671.0;13.9;7.5
972;64;2021-05-14;4976;2588;28516.0;17.4;9.1
972;69;2021-05-14;5125;2729;24040.0;21.3;11.4
972;74;2021-05-14;4829;2761;19607.0;24.6;14.1
972;79;2021-05-14;3426;2190;13902.0;24.6;15.8
972;80;2021-05-14;3502;2089;24265.0;14.4;8.6
973;24;2021-05-14;1166;189;30954.0;3.8;0.6
973;29;2021-05-14;1724;483;19945.0;8.6;2.4
973;39;2021-05-14;5430;1855;39602.0;13.7;4.7
973;49;2021-05-14;6414;2476;34757.0;18.5;7.1
973;59;2021-05-14;7370;4655;27026.0;27.3;17.2
973;64;2021-05-14;2859;1874;10200.0;28.0;18.4
973;69;2021-05-14;2001;1378;7246.0;27.6;19.0
973;74;2021-05-14;1366;931;4665.0;29.3;20.0
973;79;2021-05-14;801;594;2703.0;29.6;22.0
973;80;2021-05-14;706;508;3390.0;20.8;15.0
974;24;2021-05-14;1760;574;74456.0;2.4;0.8
974;29;2021-05-14;3031;1522;48787.0;6.2;3.1
974;39;2021-05-14;8652;3806;104568.0;8.3;3.6
974;49;2021-05-14;12958;4936;113615.0;11.4;4.3
974;59;2021-05-14;27841;9043;125597.0;22.2;7.2
974;64;2021-05-14;15345;5930;49376.0;31.1;12.0
974;69;2021-05-14;14368;6488;40475.0;35.5;16.0
974;74;2021-05-14;12054;6968;27194.0;44.3;25.6
974;79;2021-05-14;8954;6581;19499.0;45.9;33.8
974;80;2021-05-14;10015;7312;25277.0;39.6;28.9
975;59;2021-05-14;1;0;978.2;0.1;0.0
976;24;2021-05-14;650;257;26827.0;2.4;1.0
976;29;2021-05-14;1221;652;18625.0;6.6;3.5
976;39;2021-05-14;3231;1626;37697.0;8.6;4.3
976;49;2021-05-14;4360;2449;28132.0;15.5;8.7
976;59;2021-05-14;4296;2783;14768.0;29.1;18.8
976;64;2021-05-14;1610;1079;4594.0;35.0;23.5
976;69;2021-05-14;1059;707;3152.0;33.6;22.4
976;74;2021-05-14;604;336;1775.0;34.0;18.9
976;79;2021-05-14;358;209;1259.0;28.4;16.6
976;80;2021-05-14;339;175;1186.0;28.6;14.8
977;24;2021-05-14;328;25;757.0;43.3;3.3
977;29;2021-05-14;440;42;960.0;45.8;4.4
977;39;2021-05-14;938;98;1752.0;53.5;5.6
977;49;2021-05-14;1182;150;1808.0;65.4;8.3
977;59;2021-05-14;1648;306;1548.0;99.0;19.8
977;64;2021-05-14;719;218;433.0;99.0;50.3
977;69;2021-05-14;631;194;309.0;99.0;62.8
977;74;2021-05-14;464;165;251.0;99.0;65.7
977;79;2021-05-14;288;117;170.0;99.0;68.8
977;80;2021-05-14;285;110;216.0;99.0;50.9
978;24;2021-05-14;71;27;2459.1;2.9;1.1
978;29;2021-05-14;102;55;2086.3;4.9;2.6
978;39;2021-05-14;477;229;4598.4;10.4;5.0
978;49;2021-05-14;699;384;5612.0;12.5;6.8
978;59;2021-05-14;1007;597;5042.5;20.0;11.8
978;64;2021-05-14;432;279;1727.8;25.0;16.1
978;69;2021-05-14;348;260;1332.2;26.1;19.5
978;74;2021-05-14;267;239;766.5;34.8;31.2
978;79;2021-05-14;163;158;386.4;42.2;40.9
978;80;2021-05-14;111;102;416.7;26.6;24.5
01;0;2021-05-14;164341;79597;656955.0;25.0;12.1
02;0;2021-05-14;146116;68180;526050.0;27.8;13.0
03;0;2021-05-14;132348;62492;331315.0;39.9;18.9
04;0;2021-05-14;49651;27888;165197.0;30.1;16.9
05;0;2021-05-14;45941;24837;141756.0;32.4;17.5
06;0;2021-05-14;380290;202144;1079396.0;35.2;18.7
07;0;2021-05-14;106942;52298;326875.0;32.7;16.0
08;0;2021-05-14;91132;41387;265531.0;34.3;15.6
09;0;2021-05-14;55062;31007;152398.0;36.1;20.3
10;0;2021-05-14;103834;49392;309907.0;33.5;15.9
11;0;2021-05-14;115433;54416;372705.0;31.0;14.6
12;0;2021-05-14;102369;57235;278360.0;36.8;20.6
13;0;2021-05-14;601310;326225;2034469.0;29.6;16.0
14;0;2021-05-14;240773;106561;691453.0;34.8;15.4
15;0;2021-05-14;53627;27814;142811.0;37.6;19.5
16;0;2021-05-14;116308;54708;348180.0;33.4;15.7
17;0;2021-05-14;224356;116984;647080.0;34.7;18.1
18;0;2021-05-14;99317;50535;296404.0;33.5;17.0
19;0;2021-05-14;85490;42073;240336.0;35.6;17.5
21;0;2021-05-14;163580;79456;532886.0;30.7;14.9
22;0;2021-05-14;223203;112433;596186.0;37.4;18.9
23;0;2021-05-14;46294;23058;116270.0;39.8;19.8
24;0;2021-05-14;140958;72593;408393.0;34.5;17.8
25;0;2021-05-14;151932;70293;539449.0;28.2;13.0
26;0;2021-05-14;166652;77225;520560.0;32.0;14.8
27;0;2021-05-14;164820;74350;600687.0;27.4;12.4
28;0;2021-05-14;123876;59046;429425.0;28.8;13.8
29;0;2021-05-14;308761;130764;906554.0;34.1;14.4
2A;0;2021-05-14;64876;35678;162421.0;39.9;22.0
2B;0;2021-05-14;66299;38891;182258.0;36.4;21.3
30;0;2021-05-14;228964;115460;748468.0;30.6;15.4
31;0;2021-05-14;361330;168439;1400935.0;25.8;12.0
32;0;2021-05-14;71867;32614;190040.0;37.8;17.2
33;0;2021-05-14;490807;223869;1633440.0;30.0;13.7
34;0;2021-05-14;368772;167533;1176145.0;31.4;14.2
35;0;2021-05-14;310311;135555;1082073.0;28.7;12.5
36;0;2021-05-14;80085;37444;217139.0;36.9;17.2
37;0;2021-05-14;188739;77571;605380.0;31.2;12.8
38;0;2021-05-14;367694;162703;1264979.0;29.1;12.9
39;0;2021-05-14;81144;40960;257849.0;31.5;15.9
40;0;2021-05-14;140533;71474;411979.0;34.1;17.3
41;0;2021-05-14;107797;52049;327835.0;32.9;15.9
42;0;2021-05-14;244117;118396;764737.0;31.9;15.5
43;0;2021-05-14;71327;41039;226901.0;31.4;18.1
44;0;2021-05-14;394540;164536;1437137.0;27.5;11.4
45;0;2021-05-14;181804;79962;682890.0;26.6;11.7
46;0;2021-05-14;67382;34587;173166.0;38.9;20.0
47;0;2021-05-14;111131;51993;330336.0;33.6;15.7
48;0;2021-05-14;23289;13941;76286.0;30.5;18.3
49;0;2021-05-14;265716;114755;815881.0;32.6;14.1
50;0;2021-05-14;173433;89645;490669.0;35.3;18.3
51;0;2021-05-14;168786;71287;563823.0;29.9;12.6
52;0;2021-05-14;59187;26639;169250.0;35.0;15.7
53;0;2021-05-14;89693;46624;305365.0;29.4;15.3
54;0;2021-05-14;225373;98093;730398.0;30.9;13.4
55;0;2021-05-14;57459;28139;181641.0;31.6;15.5
56;0;2021-05-14;265472;118009;755566.0;35.1;15.6
57;0;2021-05-14;326834;175016;1035866.0;31.6;16.9
58;0;2021-05-14;73932;40323;199596.0;37.0;20.2
59;0;2021-05-14;757471;343187;2588988.0;29.3;13.3
60;0;2021-05-14;217501;108659;825077.0;26.4;13.2
61;0;2021-05-14;100005;55865;276903.0;36.1;20.2
62;0;2021-05-14;460842;217864;1452778.0;31.7;15.0
63;0;2021-05-14;203342;97843;660240.0;30.8;14.8
64;0;2021-05-14;248114;130131;683169.0;36.3;19.0
65;0;2021-05-14;91655;45993;226839.0;40.4;20.3
66;0;2021-05-14;168816;77658;479000.0;35.2;16.2
67;0;2021-05-14;326148;143351;1132607.0;28.8;12.7
68;0;2021-05-14;216633;108811;763204.0;28.4;14.3
69;0;2021-05-14;505428;245871;1876051.0;26.9;13.1
70;0;2021-05-14;73138;34632;233194.0;31.4;14.9
71;0;2021-05-14;185174;93682;547824.0;33.8;17.1
72;0;2021-05-14;165542;63241;560227.0;29.5;11.3
73;0;2021-05-14;127899;62290;432548.0;29.6;14.4
74;0;2021-05-14;203367;98751;828405.0;24.5;11.9
75;0;2021-05-14;712488;315878;2148271.0;33.2;14.7
76;0;2021-05-14;391899;188374;1243788.0;31.5;15.1
77;0;2021-05-14;311852;129225;1423607.0;21.9;9.1
78;0;2021-05-14;365235;160642;1448625.0;25.2;11.1
79;0;2021-05-14;116185;60889;372627.0;31.2;16.3
80;0;2021-05-14;174581;76448;569769.0;30.6;13.4
81;0;2021-05-14;131472;70924;387898.0;33.9;18.3
82;0;2021-05-14;78141;39366;262618.0;29.8;15.0
83;0;2021-05-14;336909;179653;1073836.0;31.4;16.7
84;0;2021-05-14;160492;77545;560997.0;28.6;13.8
85;0;2021-05-14;232816;104770;683187.0;34.1;15.3
86;0;2021-05-14;152812;63658;437398.0;34.9;14.6
87;0;2021-05-14;132565;57682;370774.0;35.8;15.6
88;0;2021-05-14;128575;62284;359520.0;35.8;17.3
89;0;2021-05-14;102558;53031;332096.0;30.9;16.0
90;0;2021-05-14;44071;23160;140145.0;31.4;16.5
91;0;2021-05-14;302773;139267;1319401.0;22.9;10.6
92;0;2021-05-14;420359;181079;1613762.0;26.0;11.2
93;0;2021-05-14;366221;164194;1670149.0;21.9;9.8
94;0;2021-05-14;353842;164510;1406041.0;25.2;11.7
95;0;2021-05-14;312786;141209;1248354.0;25.1;11.3
971;0;2021-05-14;24915;11154;376879.0;6.6;3.0
972;0;2021-05-14;42713;23487;358749.0;11.9;6.5
973;0;2021-05-14;30039;14966;290691.0;10.3;5.1
974;0;2021-05-14;115037;53179;859959.0;13.4;6.2
975;0;2021-05-14;1;0;5997.0;0.0;0.0
976;0;2021-05-14;17793;10281;279471.0;6.4;3.7
977;0;2021-05-14;6927;1425;9961.0;69.5;14.3
978;0;2021-05-14;3682;2332;35334.0;10.4;6.6
